PS C:\Users\lazar> ssh -i C:\dev\udacity_cloud_arch\keypairs\proj1-key-pair2.pem ec2-user@ec2-18-218-238-134.us-east-2.compute.amazonaws.com
Last login: Sun Jan 31 00:44:03 2021 from c-98-228-198-250.hsd1.il.comcast.net

       __|  __|_  )
       _|  (     /   Amazon Linux 2 AMI
      ___|\___|___|

https://aws.amazon.com/amazon-linux-2/
[ec2-user@ip-10-2-10-97 ~]$ sudo su
[root@ip-10-2-10-97 ec2-user]# mysql -u starlazar4u2 -p -h database-2.cfmncftdfc0u.us-east-2.rds.amazonaws.com
Enter password:
Welcome to the MariaDB monitor.  Commands end with ; or \g.
Your MySQL connection id is 36
Server version: 8.0.20 Source distribution

Copyright (c) 2000, 2018, Oracle, MariaDB Corporation Ab and others.

Type 'help;' or '\h' for help. Type '\c' to clear the current input statement.

MySQL [(none)]> show databases;
+--------------------+
| Database           |
+--------------------+
| information_schema |
| mysql              |
| performance_schema |
| udacity            |
+--------------------+
4 rows in set (0.01 sec)

MySQL [(none)]> USE udacity
Reading table information for completion of table and column names
You can turn off this feature to get a quicker startup with -A

Database changed
MySQL [udacity]> SELECT example_db;
ERROR 1054 (42S22): Unknown column 'example_db' in 'field list'
MySQL [udacity]> SHOW TABLES;
ERROR 2006 (HY000): MySQL server has gone away
No connection. Trying to reconnect...
Connection id:    8
Current database: udacity

+-------------------+
| Tables_in_udacity |
+-------------------+
| example_db        |
+-------------------+
1 row in set (0.03 sec)

MySQL [udacity]> SHOW FULL TABLES;
+-------------------+------------+
| Tables_in_udacity | Table_type |
+-------------------+------------+
| example_db        | BASE TABLE |
+-------------------+------------+
1 row in set (0.00 sec)

MySQL [udacity]> SHOW COLUMNS FROM example_db
    -> ;
+----------------+--------------+------+-----+---------+----------------+
| Field          | Type         | Null | Key | Default | Extra          |
+----------------+--------------+------+-----+---------+----------------+
| tutorial_id    | int          | NO   | PRI | NULL    | auto_increment |
| tutorial_title | varchar(100) | NO   |     | NULL    |                |
+----------------+--------------+------+-----+---------+----------------+
2 rows in set (0.00 sec)

MySQL [udacity]> INSERT INTO example_db
    -> (tutorial_id, tutorial_title)
    -> VALUES
    -> ("102", "Learning SQL")
    -> ;
Query OK, 1 row affected (0.01 sec)

MySQL [udacity]> SELECT "102"
    -> ;
+-----+
| 102 |
+-----+
| 102 |
+-----+
1 row in set (0.00 sec)

MySQL [udacity]> SELECT * from example_db
    -> ;
+-------------+----------------+
| tutorial_id | tutorial_title |
+-------------+----------------+
|         102 | Learning SQL   |
+-------------+----------------+
1 row in set (0.00 sec)

MySQL [udacity]>